trade_date,platform,symbol,title,summary,post_time,content,url,source_page,fetch_time,is_noise,capture_status,failure_reason,keyword_score,ai_score
2026-03-15,guba,600519.SH,贵州茅台:贵州茅台关于回购股份实施结果暨股份变动的公告,股吧首页 > 贵州茅台吧 > 帖子正文 返回贵州茅台吧 > 贵州茅台:贵州茅台关于回购股份实施结果暨股份变动的公告 贵州茅台资讯 2026-05-27 18:42:15 44 49 ♥ 收藏 A 大 中 小 分享到： 公告日期：2026-05-28 证券代码：600519 证券简称：贵州茅台 公告编号：临 2026-021 贵州茅台酒股份有限公司 关于股份回,2026-05-27 18:42:15,"股吧首页 > 贵州茅台吧 > 帖子正文 返回贵州茅台吧 > 贵州茅台:贵州茅台关于回购股份实施结果暨股份变动的公告 贵州茅台资讯 2026-05-27 18:42:15 44 49 ♥ 收藏 A 大 中 小 分享到： 公告日期：2026-05-28 证券代码：600519 证券简称：贵州茅台 公告编号：临 2026-021 贵州茅台酒股份有限公司 关于股份回购实施结果暨股份变动的公告 本公司董事会及全体董事保证本公告内容不存在任何虚假记载、误导性陈述或 者重大遗漏，并对其内容的真实性、准确性和完整性承担法律责任。 重要内容提示： 回购方案首次披露日 2025/11/6 回购方案实施期限 公司股东大会审议通过回购方案之日起 6 个月内 预计回购金额 人民币 15亿元（含）～人民币 30亿元（含） 回购价格上限 1,863.67元/股 √减少注册资本 回购用途 □用于员工持股计划或股权激励 □为维护公司价值及股东权益 实际回购股数 2,188,614股 实际回购股数占总股 0.1748% 本比例 实际回购金额 2,999,933,749.57元 实际回购价格区间 1,252.63元/股～1,499.74元/股 一、回购审批情况和回购方案内容 贵州茅台酒股份有限公司（以下简称“公司”）于 2025 年 11 月 28 日召开 2025 年第一次临时股东大会，审议通过了《关于以集中竞价交易 方式回购公司股份的方案》，并于 2025 年 12 月 25 日披露了《关于以集中 竞价交易方式回购公司股份的回购报告书》，公司将以自有资金通过集中 竞价交易方式回购股份，用于注销并减少注册资本，回购价格不超过1,863.67 元/股（含），回购金额不低于人民币 15 亿元（含）且不超过人民币 30 亿元（含），实施期限为自公司股东大会审议通过回购方案之日起6 个月内。 二、回购实施情况 （一）","https://guba.eastmoney.com/news,600519,1715770981.html","https://guba.eastmoney.com/list,sh600519.html",2026-05-27T21:15:20.284353,True,success,,-0.125,-0.125
2026-03-15,guba,600519.SH,贵州茅台：完成30亿元股份回购,东方财富 扫一扫下载APP 东方财富产品 东方财富免费版 东方财富Level-2 东方财富策略版 妙想投研助理 Choice金融终端 证券交易 东方财富证券开户 东方财富在线交易 东方财富证券交易 关注东方财富 东方财富网微博 东方财富网微信 意见与建议 天天基金 扫一扫下载APP 基金交易 基金开户 基金交易 活期宝 基金产品 稳健理财 关注天天基金 天天,2026-05-27 18:48:50,东方财富 扫一扫下载APP 东方财富产品 东方财富免费版 东方财富Level-2 东方财富策略版 妙想投研助理 Choice金融终端 证券交易 东方财富证券开户 东方财富在线交易 东方财富证券交易 关注东方财富 东方财富网微博 东方财富网微信 意见与建议 天天基金 扫一扫下载APP 基金交易 基金开户 基金交易 活期宝 基金产品 稳健理财 关注天天基金 天天基金网微博 天天基金网微信 东方财富期货 扫一扫下载APP 期货交易 期货手机开户 期货电脑开户 期货官方网站 信息网络传播视听节目许可证：0908328号 经营证券期货业务许可证编号：913101046312860336 违法和不良信息举报:021-61278686 举报邮箱： jubao@eastmoney.com 沪ICP证:沪B2-20070217 网站备案号:沪ICP备05006054号-11 沪公网安备 31010402000120号 版权所有:东方财富网 意见与建议:4000300059/952500 关于我们 可持续发展 广告服务 供应商平台 联系我们 诚聘英才 法律声明 隐私保护 征稿启事 友情链接,"https://guba.eastmoney.com/news,600519,1715772720.html","https://guba.eastmoney.com/list,sh600519.html",2026-05-27T21:15:20.465781,True,success,,0.0,0.0
2026-03-15,guba,600519.SH,超级品牌概念涨0.17%，主力资金净流入26股,股吧首页 > 贵州茅台吧 > 帖子正文 返回贵州茅台吧 > 超级品牌概念涨0.17%，主力资金净流入26股 贵州茅台资讯 2026-05-27 16:55:00 3 评论 ♥ 收藏 A 大 中 小 分享到： 来源：证券时报网 作者：数据宝 截至5月27日收盘，超级品牌概念上涨0.17%，位居概念板块涨幅第3，板块内，25股上涨，ST易购涨停，朱老六、公牛集团,2026-05-27 16:55:00,股吧首页 > 贵州茅台吧 > 帖子正文 返回贵州茅台吧 > 超级品牌概念涨0.17%，主力资金净流入26股 贵州茅台资讯 2026-05-27 16:55:00 3 评论 ♥ 收藏 A 大 中 小 分享到： 来源：证券时报网 作者：数据宝 截至5月27日收盘，超级品牌概念上涨0.17%，位居概念板块涨幅第3，板块内，25股上涨，ST易购涨停，朱老六、公牛集团、百润股份等涨幅居前，分别上涨10.78%、4.23%、3.79%。跌幅居前的有莲花控股、青岛双星、中公教育等，分别下跌10.01%、5.15%、3.88%。 今日涨跌幅居前的概念板块 概念 今日涨跌幅（%） 概念 今日涨跌幅（%） 白酒概念 0.55 金属锌 -3.97 超级电容 0.18 华为欧拉 -3.95 超级品牌 0.17 金属铅 -3.94 同花顺果指数 0.04 华为昇腾 -3.66 超超临界发电 0.00 华为盘古 -3.61 芬太尼 -0.01 高压氧舱 -3.55 免税店 -0.12 减速器 -3.54 乳业 -0.19 MLOps概念 -3.54 预制菜 -0.24 Web3.0 -3.52 柔性直流输电 -0.27 钛白粉概念 -3.52 资金面上看，今日超级品牌概念板块获主力资金净流入6.39亿元，其中，26股获主力资金净流入，5股主力资金净流入超亿元，净流入资金居首的是贵州茅台，今日主力资金净流入6.15亿元，净流入资金居前的还有五粮液、美的集团、顺丰控股等，主力资金分别净流入4.11亿元、1.68亿元、1.45亿元。 资金流入比率方面，顺丰控股、中国移动、ST易购等流入比率居前，主力资金净流入率分别为18.45%、17.07%、15.86%。（数据宝） 超级品牌概念资金流入榜 代码 简称 今日涨跌幅（%） 今日换手率（%） 主力资金流量（万元） 主力资金净流入比率（%） 600519 贵州茅,"https://guba.eastmoney.com/news,600519,1715736583.html","https://guba.eastmoney.com/list,sh600519.html",2026-05-27T21:15:20.638369,True,success,,0.1,0.1
2026-03-15,guba,600519.SH,股吧首页 > 贵州茅台吧 > 帖子正文 返回贵州茅台吧 > 生活与网的区别 2026-05-27 11:49:39 来自浙江 17 31 ♥ 收藏 A 大 中 小 分享到： 时间过去了 6年之后再回首，发现热闹过后，白酒行业的股票只剩下一地,股吧首页 > 贵州茅台吧 > 帖子正文 返回贵州茅台吧 > 生活与网的区别 2026-05-27 11:49:39 来自浙江 17 31 ♥ 收藏 A 大 中 小 分享到： 时间过去了 6年之后再回首，发现热闹过后，白酒行业的股票只剩下一地鸡毛，证券公司（频繁发研报唱多）、公墓基金公司及经理们（抱团疯狂的瞎炒，反正赚钱了可以获得好名声、好职位及大量的奖金，而,2026-05-27 11:49:39,股吧首页 > 贵州茅台吧 > 帖子正文 返回贵州茅台吧 > 生活与网的区别 2026-05-27 11:49:39 来自浙江 17 31 ♥ 收藏 A 大 中 小 分享到： 时间过去了 6年之后再回首，发现热闹过后，白酒行业的股票只剩下一地鸡毛，证券公司（频繁发研报唱多）、公墓基金公司及经理们（抱团疯狂的瞎炒，反正赚钱了可以获得好名声、好职位及大量的奖金，而亏钱了则是基民承担后果）、私墓大佬 等机构及其人员赚的盆满钵满，而留下一大批凉在高岗上的散户和基民（高位申购了重仓白酒行业股票的基金）。当时的 1250元附近，现在还是回到了 1250元附近，虽然说期间有了些分红，但也只是勉强相当于同期的银行存款利息收入。而当时貌似涨的很慢的 中国神华 、 工商银行 、 中国石油 等在当时被放在 冷板凳上的个股，这6年来的整体收益远远好于 贵州茅台 等白酒股票[呲牙]。 举报 郑重声明：用户在财富号/股吧/博客等社区发表的所有信息（包括但不限于文字、视频、音频、数据及图表）仅代表个人观点，与本网站立场无关，不对您构成任何投资建议，据此操作风险自担。 请勿相信代客理财、免费荐股和炒股培训等宣传内容，远离非法证券活动。请勿添加发言用户的手机号码、公众号、微博、微信及QQ等信息，谨防上当受骗！,"https://guba.eastmoney.com/news,600519,1715416701.html","https://guba.eastmoney.com/list,sh600519.html",2026-05-27T21:15:20.820756,True,success,,-0.16666666666666666,-0.16666666666666666
2026-03-15,guba,600519.SH,白酒一哥重大利好！明天白酒要大涨了，我今天已经跟着主力资金重仓买入了，茅台明天肯,东方财富 扫一扫下载APP 东方财富产品 东方财富免费版 东方财富Level-2 东方财富策略版 妙想投研助理 Choice金融终端 证券交易 东方财富证券开户 东方财富在线交易 东方财富证券交易 关注东方财富 东方财富网微博 东方财富网微信 意见与建议 天天基金 扫一扫下载APP 基金交易 基金开户 基金交易 活期宝 基金产品 稳健理财 关注天天基金 天天,2026-05-27 19:41:35,东方财富 扫一扫下载APP 东方财富产品 东方财富免费版 东方财富Level-2 东方财富策略版 妙想投研助理 Choice金融终端 证券交易 东方财富证券开户 东方财富在线交易 东方财富证券交易 关注东方财富 东方财富网微博 东方财富网微信 意见与建议 天天基金 扫一扫下载APP 基金交易 基金开户 基金交易 活期宝 基金产品 稳健理财 关注天天基金 天天基金网微博 天天基金网微信 东方财富期货 扫一扫下载APP 期货交易 期货手机开户 期货电脑开户 期货官方网站 信息网络传播视听节目许可证：0908328号 经营证券期货业务许可证编号：913101046312860336 违法和不良信息举报:021-61278686 举报邮箱： jubao@eastmoney.com 沪ICP证:沪B2-20070217 网站备案号:沪ICP备05006054号-11 沪公网安备 31010402000120号 版权所有:东方财富网 意见与建议:4000300059/952500 关于我们 可持续发展 广告服务 供应商平台 联系我们 诚聘英才 法律声明 隐私保护 征稿启事 友情链接,"https://guba.eastmoney.com/news,600519,1715787722.html","https://guba.eastmoney.com/list,sh600519.html",2026-05-27T21:15:20.993919,True,success,,0.2857142857142857,0.2857142857142857
2026-03-15,guba,600519.SH,只有茅台回购全部注销的，那些科技服回购都是股权激励，拿股东的钱激励自家员工，诚信,东方财富 扫一扫下载APP 东方财富产品 东方财富免费版 东方财富Level-2 东方财富策略版 妙想投研助理 Choice金融终端 证券交易 东方财富证券开户 东方财富在线交易 东方财富证券交易 关注东方财富 东方财富网微博 东方财富网微信 意见与建议 天天基金 扫一扫下载APP 基金交易 基金开户 基金交易 活期宝 基金产品 稳健理财 关注天天基金 天天,2026-05-27 21:12:41,东方财富 扫一扫下载APP 东方财富产品 东方财富免费版 东方财富Level-2 东方财富策略版 妙想投研助理 Choice金融终端 证券交易 东方财富证券开户 东方财富在线交易 东方财富证券交易 关注东方财富 东方财富网微博 东方财富网微信 意见与建议 天天基金 扫一扫下载APP 基金交易 基金开户 基金交易 活期宝 基金产品 稳健理财 关注天天基金 天天基金网微博 天天基金网微信 东方财富期货 扫一扫下载APP 期货交易 期货手机开户 期货电脑开户 期货官方网站 信息网络传播视听节目许可证：0908328号 经营证券期货业务许可证编号：913101046312860336 违法和不良信息举报:021-61278686 举报邮箱： jubao@eastmoney.com 沪ICP证:沪B2-20070217 网站备案号:沪ICP备05006054号-11 沪公网安备 31010402000120号 版权所有:东方财富网 意见与建议:4000300059/952500 关于我们 可持续发展 广告服务 供应商平台 联系我们 诚聘英才 法律声明 隐私保护 征稿启事 友情链接,"https://guba.eastmoney.com/news,600519,1715815417.html","https://guba.eastmoney.com/list,sh600519.html",2026-05-27T21:15:21.177418,True,success,,0.0,0.0
2026-03-15,guba,000001.SZ,平安银行：2026年一季度公司实现营业收入352.77亿元，同比增长4.7%,股吧首页 > 平安银行吧 > 帖子正文 返回平安银行吧 > 平安银行：2026年一季度公司实现营业收入352.77亿元，同比增长4.7% 平安银行资讯 2026-05-27 20:35:30 1 2 ♥ 收藏 A 大 中 小 分享到： 来源：证券日报 证券日报网讯 5月27日，平安银行在互动平台回答投资者提问时表示，股价波动受多种因素影响，但本行管理层始终关,2026-05-27 20:35:30,股吧首页 > 平安银行吧 > 帖子正文 返回平安银行吧 > 平安银行：2026年一季度公司实现营业收入352.77亿元，同比增长4.7% 平安银行资讯 2026-05-27 20:35:30 1 2 ♥ 收藏 A 大 中 小 分享到： 来源：证券日报 证券日报网讯 5月27日，平安银行在互动平台回答投资者提问时表示，股价波动受多种因素影响，但本行管理层始终关注公司股价表现，高度重视市值管理工作，并于2025年3月15日正式对外披露了《估值提升计划》，从经营提升、长效激励机制、合理规划现金分红、优化信息披露、强化投资者关系管理等六个维度，提出了具体实施方案（详细内容请见该公告）。2026年一季度，实现营业收入352.77亿元，同比增长4.7%，实现净利润145.23亿元，同比增长3.0%。净息差1.79%，较去年同期下降4个基点，较去年全年上升1个基点。非利息净收入占比37.41%，同比上升5.01个百分点，财富管理、债券投资等业务的非利息净收入同比增长。本行2026年一季度报告中财务信息的真实、准确、完整，不存在虚增营收与利润的情况。 （文章来源：证券日报） [点击查看原文] 举报 郑重声明：用户在财富号/股吧/博客等社区发表的所有信息（包括但不限于文字、视频、音频、数据及图表）仅代表个人观点，与本网站立场无关，不对您构成任何投资建议，据此操作风险自担。 请勿相信代客理财、免费荐股和炒股培训等宣传内容，远离非法证券活动。请勿添加发言用户的手机号码、公众号、微博、微信及QQ等信息，谨防上当受骗！,"https://guba.eastmoney.com/news,000001,1715803887.html","https://guba.eastmoney.com/list,sz000001.html",2026-05-27T21:15:22.375047,True,success,,0.36363636363636365,0.36363636363636365
2026-03-15,guba,000001.SZ,平安银行：截至2025年末公司投资组合中持有少量美国国债和中债评级A级以下国内债券,东方财富 扫一扫下载APP 东方财富产品 东方财富免费版 东方财富Level-2 东方财富策略版 妙想投研助理 Choice金融终端 证券交易 东方财富证券开户 东方财富在线交易 东方财富证券交易 关注东方财富 东方财富网微博 东方财富网微信 意见与建议 天天基金 扫一扫下载APP 基金交易 基金开户 基金交易 活期宝 基金产品 稳健理财 关注天天基金 天天,2026-05-27 19:39:19,东方财富 扫一扫下载APP 东方财富产品 东方财富免费版 东方财富Level-2 东方财富策略版 妙想投研助理 Choice金融终端 证券交易 东方财富证券开户 东方财富在线交易 东方财富证券交易 关注东方财富 东方财富网微博 东方财富网微信 意见与建议 天天基金 扫一扫下载APP 基金交易 基金开户 基金交易 活期宝 基金产品 稳健理财 关注天天基金 天天基金网微博 天天基金网微信 东方财富期货 扫一扫下载APP 期货交易 期货手机开户 期货电脑开户 期货官方网站 信息网络传播视听节目许可证：0908328号 经营证券期货业务许可证编号：913101046312860336 违法和不良信息举报:021-61278686 举报邮箱： jubao@eastmoney.com 沪ICP证:沪B2-20070217 网站备案号:沪ICP备05006054号-11 沪公网安备 31010402000120号 版权所有:东方财富网 意见与建议:4000300059/952500 关于我们 可持续发展 广告服务 供应商平台 联系我们 诚聘英才 法律声明 隐私保护 征稿启事 友情链接,"https://guba.eastmoney.com/news,000001,1715787068.html","https://guba.eastmoney.com/list,sz000001.html",2026-05-27T21:15:22.570300,True,success,,0.0,0.0
2026-03-15,guba,000001.SZ,知道谁在减持吗？证金公司。证金一季度清仓了兴业6亿股，平安也减少了20%，还有3,东方财富 扫一扫下载APP 东方财富产品 东方财富免费版 东方财富Level-2 东方财富策略版 妙想投研助理 Choice金融终端 证券交易 东方财富证券开户 东方财富在线交易 东方财富证券交易 关注东方财富 东方财富网微博 东方财富网微信 意见与建议 天天基金 扫一扫下载APP 基金交易 基金开户 基金交易 活期宝 基金产品 稳健理财 关注天天基金 天天,2026-05-27 20:06:12,东方财富 扫一扫下载APP 东方财富产品 东方财富免费版 东方财富Level-2 东方财富策略版 妙想投研助理 Choice金融终端 证券交易 东方财富证券开户 东方财富在线交易 东方财富证券交易 关注东方财富 东方财富网微博 东方财富网微信 意见与建议 天天基金 扫一扫下载APP 基金交易 基金开户 基金交易 活期宝 基金产品 稳健理财 关注天天基金 天天基金网微博 天天基金网微信 东方财富期货 扫一扫下载APP 期货交易 期货手机开户 期货电脑开户 期货官方网站 信息网络传播视听节目许可证：0908328号 经营证券期货业务许可证编号：913101046312860336 违法和不良信息举报:021-61278686 举报邮箱： jubao@eastmoney.com 沪ICP证:沪B2-20070217 网站备案号:沪ICP备05006054号-11 沪公网安备 31010402000120号 版权所有:东方财富网 意见与建议:4000300059/952500 关于我们 可持续发展 广告服务 供应商平台 联系我们 诚聘英才 法律声明 隐私保护 征稿启事 友情链接,"https://guba.eastmoney.com/news,000001,1715794882.html","https://guba.eastmoney.com/list,sz000001.html",2026-05-27T21:15:22.731475,True,success,,0.0,0.0
2026-03-15,guba,000001.SZ,平安银行：截至2026年3月末公司普通股股东总户数为457610户,东方财富 扫一扫下载APP 东方财富产品 东方财富免费版 东方财富Level-2 东方财富策略版 妙想投研助理 Choice金融终端 证券交易 东方财富证券开户 东方财富在线交易 东方财富证券交易 关注东方财富 东方财富网微博 东方财富网微信 意见与建议 天天基金 扫一扫下载APP 基金交易 基金开户 基金交易 活期宝 基金产品 稳健理财 关注天天基金 天天,2026-05-27 21:08:00,东方财富 扫一扫下载APP 东方财富产品 东方财富免费版 东方财富Level-2 东方财富策略版 妙想投研助理 Choice金融终端 证券交易 东方财富证券开户 东方财富在线交易 东方财富证券交易 关注东方财富 东方财富网微博 东方财富网微信 意见与建议 天天基金 扫一扫下载APP 基金交易 基金开户 基金交易 活期宝 基金产品 稳健理财 关注天天基金 天天基金网微博 天天基金网微信 东方财富期货 扫一扫下载APP 期货交易 期货手机开户 期货电脑开户 期货官方网站 信息网络传播视听节目许可证：0908328号 经营证券期货业务许可证编号：913101046312860336 违法和不良信息举报:021-61278686 举报邮箱： jubao@eastmoney.com 沪ICP证:沪B2-20070217 网站备案号:沪ICP备05006054号-11 沪公网安备 31010402000120号 版权所有:东方财富网 意见与建议:4000300059/952500 关于我们 可持续发展 广告服务 供应商平台 联系我们 诚聘英才 法律声明 隐私保护 征稿启事 友情链接,"https://guba.eastmoney.com/news,000001,1715813990.html","https://guba.eastmoney.com/list,sz000001.html",2026-05-27T21:15:22.914201,True,success,,0.0,0.0
2026-03-15,guba,000001.SZ,买股票，分红才是硬道理，别的都是老谣。个人财产包括存款、债券，知识产权，房产等等,东方财富 扫一扫下载APP 东方财富产品 东方财富免费版 东方财富Level-2 东方财富策略版 妙想投研助理 Choice金融终端 证券交易 东方财富证券开户 东方财富在线交易 东方财富证券交易 关注东方财富 东方财富网微博 东方财富网微信 意见与建议 天天基金 扫一扫下载APP 基金交易 基金开户 基金交易 活期宝 基金产品 稳健理财 关注天天基金 天天,2026-05-27 18:11:26,东方财富 扫一扫下载APP 东方财富产品 东方财富免费版 东方财富Level-2 东方财富策略版 妙想投研助理 Choice金融终端 证券交易 东方财富证券开户 东方财富在线交易 东方财富证券交易 关注东方财富 东方财富网微博 东方财富网微信 意见与建议 天天基金 扫一扫下载APP 基金交易 基金开户 基金交易 活期宝 基金产品 稳健理财 关注天天基金 天天基金网微博 天天基金网微信 东方财富期货 扫一扫下载APP 期货交易 期货手机开户 期货电脑开户 期货官方网站 信息网络传播视听节目许可证：0908328号 经营证券期货业务许可证编号：913101046312860336 违法和不良信息举报:021-61278686 举报邮箱： jubao@eastmoney.com 沪ICP证:沪B2-20070217 网站备案号:沪ICP备05006054号-11 沪公网安备 31010402000120号 版权所有:东方财富网 意见与建议:4000300059/952500 关于我们 可持续发展 广告服务 供应商平台 联系我们 诚聘英才 法律声明 隐私保护 征稿启事 友情链接,"https://guba.eastmoney.com/news,000001,1715762382.html","https://guba.eastmoney.com/list,sz000001.html",2026-05-27T21:15:23.102860,True,success,,0.0,0.0
2026-03-15,guba,000001.SZ,除权10.43贴权就更理想！有闲钱可越跌越买！勿用杆杠即好！,东方财富 扫一扫下载APP 东方财富产品 东方财富免费版 东方财富Level-2 东方财富策略版 妙想投研助理 Choice金融终端 证券交易 东方财富证券开户 东方财富在线交易 东方财富证券交易 关注东方财富 东方财富网微博 东方财富网微信 意见与建议 天天基金 扫一扫下载APP 基金交易 基金开户 基金交易 活期宝 基金产品 稳健理财 关注天天基金 天天,2026-05-25 21:21:21,东方财富 扫一扫下载APP 东方财富产品 东方财富免费版 东方财富Level-2 东方财富策略版 妙想投研助理 Choice金融终端 证券交易 东方财富证券开户 东方财富在线交易 东方财富证券交易 关注东方财富 东方财富网微博 东方财富网微信 意见与建议 天天基金 扫一扫下载APP 基金交易 基金开户 基金交易 活期宝 基金产品 稳健理财 关注天天基金 天天基金网微博 天天基金网微信 东方财富期货 扫一扫下载APP 期货交易 期货手机开户 期货电脑开户 期货官方网站 信息网络传播视听节目许可证：0908328号 经营证券期货业务许可证编号：913101046312860336 违法和不良信息举报:021-61278686 举报邮箱： jubao@eastmoney.com 沪ICP证:沪B2-20070217 网站备案号:沪ICP备05006054号-11 沪公网安备 31010402000120号 版权所有:东方财富网 意见与建议:4000300059/952500 关于我们 可持续发展 广告服务 供应商平台 联系我们 诚聘英才 法律声明 隐私保护 征稿启事 友情链接,"https://guba.eastmoney.com/news,000001,1714150657.html","https://guba.eastmoney.com/list,sz000001.html",2026-05-27T21:15:23.295833,True,success,,0.0,0.0
2026-03-15,guba,601318.SH,“我们是股东的打工仔！”马明哲最新发声！重塑上市公司治理新生态,股吧首页 > 中国平安吧 > 帖子正文 返回中国平安吧 > “我们是股东的打工仔！”马明哲最新发声！重塑上市公司治理新生态 中国平安资讯 2026-05-27 16:44:59 4 22 ♥ 收藏 A 大 中 小 分享到： 来源：券商中国 自2024年以来，全球企业治理迎来深度“再平衡”新阶段。此前ESG、DEI等理念风靡全球商界，初衷是引导企业践行社会责任,2026-05-27 16:44:59,股吧首页 > 中国平安吧 > 帖子正文 返回中国平安吧 > “我们是股东的打工仔！”马明哲最新发声！重塑上市公司治理新生态 中国平安资讯 2026-05-27 16:44:59 4 22 ♥ 收藏 A 大 中 小 分享到： 来源：券商中国 自2024年以来，全球企业治理迎来深度“再平衡”新阶段。此前ESG、DEI等理念风靡全球商界，初衷是引导企业践行社会责任，但在落地过程中，脱离商业本质的道德叙事与形式化导向，逐渐引发行业反思。当下，全球商业逻辑正发生深刻转向：企业发展不再单纯依赖外部红利，深耕内部治理、夯实经营根基，成为共识与主流。 经济增速放缓、市场不确定性加剧、行业竞争格局重塑，倒逼企业沉下心修炼“内功”。一流企业的核心竞争力，源于透明规范的治理体系、权责分明的制衡机制与坚守长期主义的发展理念，唯有如此，才能在复杂环境中凝聚信任、创造价值。而这份企业立足长远的“内功”，核心正是现代化公司治理能力的回归。 2026年5月20日，中国平安股东大会上的一幕，正是这一趋势的生动缩影。整场会议历时两小时，其中一小时四十分用于股东互动提问，流程仅占二十分钟。董事长马明哲携高管团队、独立董事直面全体股东，围绕股价表现、寿险改革、资产配置、分红回购、AI布局、海外发展等25项问题坦诚作答，不回避、不敷衍、不搪塞。 会上马明哲的一句“我们是股东的打工仔，哪个打工仔不听老板的”，更引发了广泛热议与共鸣。不仅仅是因为表达朴素，而是他把视角切回企业内部，并重申了现代公司治理最核心的关系：股东是企业所有者，管理层是受托经营者。回应股东关切、接受监督、持续创造价值，是管理层的职责所在。究其根本，现代化、规范化、体系化的公司治理，才是企业穿越周期、抵御风险、持续壮大的底层根基。 厘清治理本源：坚守所有权与经营权的核心边界 公司治理，从来不只是制度设计或监管要求，而是对“谁拥有公司、谁负责经营、谁承,"https://guba.eastmoney.com/news,601318,1715732909.html","https://guba.eastmoney.com/list,sh601318.html",2026-05-27T21:15:24.340015,True,success,,0.13333333333333333,0.13333333333333333
2026-03-15,guba,601318.SH,今天有点郁闷，满仓中国平安，但是股价一直跌，没办法，套牢25000股，10%亏损,东方财富 扫一扫下载APP 东方财富产品 东方财富免费版 东方财富Level-2 东方财富策略版 妙想投研助理 Choice金融终端 证券交易 东方财富证券开户 东方财富在线交易 东方财富证券交易 关注东方财富 东方财富网微博 东方财富网微信 意见与建议 天天基金 扫一扫下载APP 基金交易 基金开户 基金交易 活期宝 基金产品 稳健理财 关注天天基金 天天,2026-05-27 21:05:15,东方财富 扫一扫下载APP 东方财富产品 东方财富免费版 东方财富Level-2 东方财富策略版 妙想投研助理 Choice金融终端 证券交易 东方财富证券开户 东方财富在线交易 东方财富证券交易 关注东方财富 东方财富网微博 东方财富网微信 意见与建议 天天基金 扫一扫下载APP 基金交易 基金开户 基金交易 活期宝 基金产品 稳健理财 关注天天基金 天天基金网微博 天天基金网微信 东方财富期货 扫一扫下载APP 期货交易 期货手机开户 期货电脑开户 期货官方网站 信息网络传播视听节目许可证：0908328号 经营证券期货业务许可证编号：913101046312860336 违法和不良信息举报:021-61278686 举报邮箱： jubao@eastmoney.com 沪ICP证:沪B2-20070217 网站备案号:沪ICP备05006054号-11 沪公网安备 31010402000120号 版权所有:东方财富网 意见与建议:4000300059/952500 关于我们 可持续发展 广告服务 供应商平台 联系我们 诚聘英才 法律声明 隐私保护 征稿启事 友情链接,"https://guba.eastmoney.com/news,601318,1715813073.html","https://guba.eastmoney.com/list,sh601318.html",2026-05-27T21:15:24.491047,True,success,,-0.16666666666666666,-0.16666666666666666
2026-03-15,guba,601318.SH,要明白国家队为什么卖出！如果是好股会卖出去吗,东方财富 扫一扫下载APP 东方财富产品 东方财富免费版 东方财富Level-2 东方财富策略版 妙想投研助理 Choice金融终端 证券交易 东方财富证券开户 东方财富在线交易 东方财富证券交易 关注东方财富 东方财富网微博 东方财富网微信 意见与建议 天天基金 扫一扫下载APP 基金交易 基金开户 基金交易 活期宝 基金产品 稳健理财 关注天天基金 天天,2026-05-27 15:09:35,东方财富 扫一扫下载APP 东方财富产品 东方财富免费版 东方财富Level-2 东方财富策略版 妙想投研助理 Choice金融终端 证券交易 东方财富证券开户 东方财富在线交易 东方财富证券交易 关注东方财富 东方财富网微博 东方财富网微信 意见与建议 天天基金 扫一扫下载APP 基金交易 基金开户 基金交易 活期宝 基金产品 稳健理财 关注天天基金 天天基金网微博 天天基金网微信 东方财富期货 扫一扫下载APP 期货交易 期货手机开户 期货电脑开户 期货官方网站 信息网络传播视听节目许可证：0908328号 经营证券期货业务许可证编号：913101046312860336 违法和不良信息举报:021-61278686 举报邮箱： jubao@eastmoney.com 沪ICP证:沪B2-20070217 网站备案号:沪ICP备05006054号-11 沪公网安备 31010402000120号 版权所有:东方财富网 意见与建议:4000300059/952500 关于我们 可持续发展 广告服务 供应商平台 联系我们 诚聘英才 法律声明 隐私保护 征稿启事 友情链接,"https://guba.eastmoney.com/news,601318,1715682867.html","https://guba.eastmoney.com/list,sh601318.html",2026-05-27T21:15:24.658796,True,success,,-0.2857142857142857,-0.2857142857142857
2026-03-15,guba,601318.SH,拿老登股就得有老登的思维方式。现在起拿上四年，分红应该不低于11元。四年后的股价,东方财富 扫一扫下载APP 东方财富产品 东方财富免费版 东方财富Level-2 东方财富策略版 妙想投研助理 Choice金融终端 证券交易 东方财富证券开户 东方财富在线交易 东方财富证券交易 关注东方财富 东方财富网微博 东方财富网微信 意见与建议 天天基金 扫一扫下载APP 基金交易 基金开户 基金交易 活期宝 基金产品 稳健理财 关注天天基金 天天,2026-05-27 15:51:22,东方财富 扫一扫下载APP 东方财富产品 东方财富免费版 东方财富Level-2 东方财富策略版 妙想投研助理 Choice金融终端 证券交易 东方财富证券开户 东方财富在线交易 东方财富证券交易 关注东方财富 东方财富网微博 东方财富网微信 意见与建议 天天基金 扫一扫下载APP 基金交易 基金开户 基金交易 活期宝 基金产品 稳健理财 关注天天基金 天天基金网微博 天天基金网微信 东方财富期货 扫一扫下载APP 期货交易 期货手机开户 期货电脑开户 期货官方网站 信息网络传播视听节目许可证：0908328号 经营证券期货业务许可证编号：913101046312860336 违法和不良信息举报:021-61278686 举报邮箱： jubao@eastmoney.com 沪ICP证:沪B2-20070217 网站备案号:沪ICP备05006054号-11 沪公网安备 31010402000120号 版权所有:东方财富网 意见与建议:4000300059/952500 关于我们 可持续发展 广告服务 供应商平台 联系我们 诚聘英才 法律声明 隐私保护 征稿启事 友情链接,"https://guba.eastmoney.com/news,601318,1715710612.html","https://guba.eastmoney.com/list,sh601318.html",2026-05-27T21:15:24.822945,True,success,,0.0,0.0
2026-03-15,guba,601318.SH,已经被牢牢的套死了，现在被迫当长期股东了，难过,东方财富 扫一扫下载APP 东方财富产品 东方财富免费版 东方财富Level-2 东方财富策略版 妙想投研助理 Choice金融终端 证券交易 东方财富证券开户 东方财富在线交易 东方财富证券交易 关注东方财富 东方财富网微博 东方财富网微信 意见与建议 天天基金 扫一扫下载APP 基金交易 基金开户 基金交易 活期宝 基金产品 稳健理财 关注天天基金 天天,2026-05-27 17:27:46,东方财富 扫一扫下载APP 东方财富产品 东方财富免费版 东方财富Level-2 东方财富策略版 妙想投研助理 Choice金融终端 证券交易 东方财富证券开户 东方财富在线交易 东方财富证券交易 关注东方财富 东方财富网微博 东方财富网微信 意见与建议 天天基金 扫一扫下载APP 基金交易 基金开户 基金交易 活期宝 基金产品 稳健理财 关注天天基金 天天基金网微博 天天基金网微信 东方财富期货 扫一扫下载APP 期货交易 期货手机开户 期货电脑开户 期货官方网站 信息网络传播视听节目许可证：0908328号 经营证券期货业务许可证编号：913101046312860336 违法和不良信息举报:021-61278686 举报邮箱： jubao@eastmoney.com 沪ICP证:沪B2-20070217 网站备案号:沪ICP备05006054号-11 沪公网安备 31010402000120号 版权所有:东方财富网 意见与建议:4000300059/952500 关于我们 可持续发展 广告服务 供应商平台 联系我们 诚聘英才 法律声明 隐私保护 征稿启事 友情链接,"https://guba.eastmoney.com/news,601318,1715748485.html","https://guba.eastmoney.com/list,sh601318.html",2026-05-27T21:15:25.115776,True,success,,0.0,0.0
2026-03-15,guba,601318.SH,5%分红，10年分红就50%了，那时中国平安的股价也不会低于25吧,东方财富 扫一扫下载APP 东方财富产品 东方财富免费版 东方财富Level-2 东方财富策略版 妙想投研助理 Choice金融终端 证券交易 东方财富证券开户 东方财富在线交易 东方财富证券交易 关注东方财富 东方财富网微博 东方财富网微信 意见与建议 天天基金 扫一扫下载APP 基金交易 基金开户 基金交易 活期宝 基金产品 稳健理财 关注天天基金 天天,2026-05-27 17:33:39,东方财富 扫一扫下载APP 东方财富产品 东方财富免费版 东方财富Level-2 东方财富策略版 妙想投研助理 Choice金融终端 证券交易 东方财富证券开户 东方财富在线交易 东方财富证券交易 关注东方财富 东方财富网微博 东方财富网微信 意见与建议 天天基金 扫一扫下载APP 基金交易 基金开户 基金交易 活期宝 基金产品 稳健理财 关注天天基金 天天基金网微博 天天基金网微信 东方财富期货 扫一扫下载APP 期货交易 期货手机开户 期货电脑开户 期货官方网站 信息网络传播视听节目许可证：0908328号 经营证券期货业务许可证编号：913101046312860336 违法和不良信息举报:021-61278686 举报邮箱： jubao@eastmoney.com 沪ICP证:沪B2-20070217 网站备案号:沪ICP备05006054号-11 沪公网安备 31010402000120号 版权所有:东方财富网 意见与建议:4000300059/952500 关于我们 可持续发展 广告服务 供应商平台 联系我们 诚聘英才 法律声明 隐私保护 征稿启事 友情链接,"https://guba.eastmoney.com/news,601318,1715750605.html","https://guba.eastmoney.com/list,sh601318.html",2026-05-27T21:15:25.288306,True,success,,0.0,0.0
